symbol,status,entry_date,exit_date,entry_price,exit_price,entry_price_type,exit_price_type,position_size,pnl,pnl_pct,days_held,exit_reason,error
SG.D.TRPUS.DAILY.IP,SUCCESS,2025-06-13 04:00:00+00:00,2025-06-25 04:00:00+00:00,4961.0,4697.0,ask,bid,0.20157226365652087,-53.21507760532151,-5.321507760532151,12.0,stop_loss,
SC.D.HIG.DAILY.IP,SUCCESS,2025-06-13 04:00:00+00:00,2025-06-26 04:00:00+00:00,12531.0,12474.0,ask,bid,0.07980209081477935,-4.548719176442423,-0.4548719176442423,13.0,time_limit,
KA.D.IUKD.DAILY.IP,SUCCESS,2025-06-15 23:00:00+00:00,2025-06-26 23:00:00+00:00,837.4,831.9,ask,bid,1.1941724385001196,-6.567948411750658,-0.6567948411750657,11.0,time_limit,
UC.D.OLLIUS.DAILY.IP,SUCCESS,2025-06-13 04:00:00+00:00,2025-06-23 04:00:00+00:00,11460.0,12919.0,ask,bid,0.08726003490401396,127.31239092495638,12.731239092495638,10.0,take_profit,
SI.D.BITBUS.DAILY.IP,SUCCESS,2025-06-13 04:00:00+00:00,2025-06-26 04:00:00+00:00,5726.0,5851.0,ask,bid,0.17464198393293748,21.830247991617185,2.1830247991617187,13.0,time_limit,
UD.D.ULTAUS.DAILY.IP,SUCCESS,2025-06-13 04:00:00+00:00,2025-06-26 04:00:00+00:00,45921.0,45759.0,ask,bid,0.021776529256767055,-3.527797739596263,-0.3527797739596263,13.0,time_limit,
SD.D.IBNUS.DAILY.IP,SUCCESS,2025-06-13 04:00:00+00:00,2025-06-26 04:00:00+00:00,3311.0,3335.0,ask,bid,0.30202355783751134,7.248565388100272,0.7248565388100272,13.0,time_limit,
SG.D.SMARUS.DAILY.IP,ERROR,,,,,,,,,,,,"""None of ['stick_datetime'] are in the columns"""
SH.D.VSTOUS.DAILY.IP,ERROR,,,,,,,,,,,,"""None of ['stick_datetime'] are in the columns"""
SA.D.ARNCUS.DAILY.IP,SUCCESS,2025-06-13 04:00:00+00:00,2025-06-26 04:00:00+00:00,17124.0,17672.0,ask,bid,0.0583975706610605,32.00186872226116,3.2001868722261158,13.0,time_limit,
SE.D.OI.DAILY.IP,SUCCESS,2025-06-13 04:00:00+00:00,2025-06-24 04:00:00+00:00,1358.0,1468.8,ask,bid,0.7363770250368189,81.5905743740795,8.159057437407949,11.0,take_profit,
UA.D.APPUS.DAILY.IP,SUCCESS,2025-06-13 04:00:00+00:00,2025-06-18 04:00:00+00:00,36604.0,34395.0,ask,bid,0.027319418642771282,-60.34859578188176,-6.034859578188176,5.0,stop_loss,
SB.D.DMYIUS.DAILY.IP,SUCCESS,2025-06-13 04:00:00+00:00,2025-06-23 04:00:00+00:00,3782.8,4076.0,ask,bid,0.2643544464417891,77.50872369673252,7.750872369673252,10.0,take_profit,
UB.D.LZUS.DAILY.IP,SUCCESS,2025-06-13 04:00:00+00:00,2025-06-26 04:00:00+00:00,876.3,862.7,ask,bid,1.1411617026132603,-15.519799155540237,-1.5519799155540237,13.0,time_limit,
SI.D.EWJ.DAILY.IP,SUCCESS,2025-06-13 04:00:00+00:00,2025-06-26 04:00:00+00:00,7365.0,7388.0,ask,bid,0.13577732518669383,3.1228784792939583,0.31228784792939585,13.0,time_limit,
UB.D.INTU.DAILY.IP,SUCCESS,2025-06-13 04:00:00+00:00,2025-06-26 04:00:00+00:00,75409.0,77247.0,ask,bid,0.013261016589531754,24.373748491559365,2.4373748491559364,13.0,time_limit,
UC.D.MORFUS.DAILY.IP,ERROR,,,,,,,,,,,,"""None of ['stick_datetime'] are in the columns"""
UD.D.TTWO.DAILY.IP,SUCCESS,2025-06-13 04:00:00+00:00,2025-06-26 04:00:00+00:00,23038.0,23922.0,ask,bid,0.04340654570709263,38.371386405069885,3.8371386405069887,13.0,time_limit,
AC.D.2800HK.DAILY.IP,SUCCESS,2025-06-15 16:00:00+00:00,2025-06-26 16:00:00+00:00,2458.0,2462.0,ask,bid,0.40683482506102525,1.627339300244101,0.1627339300244101,11.0,time_limit,
UB.D.FLEX.DAILY.IP,SUCCESS,2025-06-13 04:00:00+00:00,2025-06-24 04:00:00+00:00,4319.0,4787.0,ask,bid,0.23153507756425099,108.35841630006946,10.835841630006946,11.0,take_profit,
UC.D.PSTXUS.DAILY.IP,ERROR,,,,,,,,,,,,"""None of ['stick_datetime'] are in the columns"""
SI.D.SLVUS.DAILY.IP,SUCCESS,2025-06-13 04:00:00+00:00,2025-06-26 04:00:00+00:00,3302.3,3328.7,ask,bid,0.30281924719135145,7.994428125851568,0.7994428125851568,13.0,time_limit,
UA.D.CME.DAILY.IP,SUCCESS,2025-06-13 04:00:00+00:00,2025-06-26 04:00:00+00:00,26955.0,27283.0,ask,bid,0.03709886848451122,12.168428862919681,1.216842886291968,13.0,time_limit,
SH.D.UTX.DAILY.IP,SUCCESS,2025-06-13 04:00:00+00:00,2025-06-26 04:00:00+00:00,14574.0,14262.0,ask,bid,0.06861534239055853,-21.40798682585426,-2.140798682585426,13.0,time_limit,
KA.D.ISF.DAILY.IP,SUCCESS,2025-06-15 23:00:00+00:00,2025-06-26 23:00:00+00:00,867.2,856.0,ask,bid,1.1531365313653137,-12.915129151291566,-1.2915129151291567,11.0,time_limit,
UC.D.NFLX.DAILY.IP,SUCCESS,2025-06-13 04:00:00+00:00,2025-06-26 04:00:00+00:00,121402.0,130480.0,ask,bid,0.008237096588194593,74.77636282763052,7.477636282763052,13.0,time_limit,
SH.D.USFDUS.DAILY.IP,SUCCESS,2025-06-13 04:00:00+00:00,2025-06-26 04:00:00+00:00,7554.0,7667.0,ask,bid,0.13238019592268996,14.958962139263965,1.4958962139263965,13.0,time_limit,
SH.D.WRBUS.DAILY.IP,SUCCESS,2025-06-13 04:00:00+00:00,2025-06-26 04:00:00+00:00,7331.0,7233.0,ask,bid,0.13640703860319192,-13.367889783112808,-1.3367889783112807,13.0,time_limit,
UA.D.ADP.DAILY.IP,SUCCESS,2025-06-13 04:00:00+00:00,2025-06-26 04:00:00+00:00,30687.0,30287.0,ask,bid,0.03258708899534005,-13.034835598136018,-1.3034835598136019,13.0,time_limit,
UC.D.QUREUS.DAILY.IP,SUCCESS,2025-06-13 04:00:00+00:00,2025-06-20 04:00:00+00:00,1540.3,1419.9,ask,bid,0.6492241771083556,-78.16659092384592,-7.816659092384591,7.0,stop_loss,
SG.D.SUMUS.DAILY.IP,ERROR,,,,,,,,,,,,"""None of ['stick_datetime'] are in the columns"""
SI.D.FBTCUS.DAILY.IP,SUCCESS,2025-06-13 04:00:00+00:00,2025-06-26 04:00:00+00:00,9183.0,9385.0,ask,bid,0.10889687465969726,21.997168681258845,2.1997168681258845,13.0,time_limit,
SA.D.ALL.DAILY.IP,SUCCESS,2025-06-13 04:00:00+00:00,2025-06-26 04:00:00+00:00,19885.0,19415.0,ask,bid,0.050289162685441285,-23.635906462157404,-2.3635906462157403,13.0,time_limit,
UB.D.EXEL.DAILY.IP,SUCCESS,2025-06-13 04:00:00+00:00,2025-06-24 04:00:00+00:00,4164.0,4564.0,ask,bid,0.24015369836695485,96.06147934678194,9.606147934678194,11.0,take_profit,
UA.D.CPRXUS.DAILY.IP,SUCCESS,2025-06-13 04:00:00+00:00,2025-06-23 04:00:00+00:00,2356.5,2208.7,ask,bid,0.42435815828559303,-62.72013579461073,-6.272013579461072,10.0,stop_loss,
SE.D.PNMUS.DAILY.IP,SUCCESS,2025-06-13 04:00:00+00:00,2025-06-26 04:00:00+00:00,5659.0,5633.0,ask,bid,0.17670966601873123,-4.594451316487012,-0.4594451316487012,13.0,time_limit,
UA.D.ACADUS.DAILY.IP,SUCCESS,2025-06-13 04:00:00+00:00,2025-06-26 04:00:00+00:00,2174.3,2217.7,ask,bid,0.4599181345720461,19.960447040426633,1.9960447040426634,13.0,time_limit,
SA.D.AXSUS.DAILY.IP,SUCCESS,2025-06-13 04:00:00+00:00,2025-06-26 04:00:00+00:00,10300.0,10266.0,ask,bid,0.0970873786407767,-3.3009708737864076,-0.33009708737864074,13.0,time_limit,
SG.D.SLCAUS.DAILY.IP,ERROR,,,,,,,,,,,,"""None of ['stick_datetime'] are in the columns"""
SC.D.GFLUS.DAILY.IP,SUCCESS,2025-06-13 04:00:00+00:00,2025-06-26 04:00:00+00:00,5030.0,5053.0,ask,bid,0.1988071570576541,4.572564612326044,0.45725646123260444,13.0,time_limit,
SB.D.DASHUS.DAILY.IP,SUCCESS,2025-06-13 04:00:00+00:00,2025-06-24 04:00:00+00:00,21900.0,23606.0,ask,bid,0.045662100456621,77.89954337899543,7.789954337899544,11.0,take_profit,
SD.D.IR.DAILY.IP,SUCCESS,2025-06-13 04:00:00+00:00,2025-06-26 04:00:00+00:00,42138.0,42905.0,ask,bid,0.023731548720869525,18.202097868906925,1.8202097868906926,13.0,time_limit,
SD.D.ICEUS.DAILY.IP,SUCCESS,2025-06-13 04:00:00+00:00,2025-06-26 04:00:00+00:00,17847.0,18077.0,ask,bid,0.056031826077211855,12.887319997758727,1.2887319997758728,13.0,time_limit,
SG.D.TWLOUS.DAILY.IP,SUCCESS,2025-06-13 04:00:00+00:00,2025-06-26 04:00:00+00:00,11343.0,12135.0,ask,bid,0.08816009873931059,69.82279820153398,6.982279820153399,13.0,time_limit,
SD.D.JPM.DAILY.IP,SUCCESS,2025-06-13 04:00:00+00:00,2025-06-26 04:00:00+00:00,26557.0,28856.0,ask,bid,0.0376548555936288,86.5685130097526,8.65685130097526,13.0,take_profit,
UC.D.PERIUS.DAILY.IP,SUCCESS,2025-06-13 04:00:00+00:00,2025-06-26 04:00:00+00:00,950.4,1021.5,ask,bid,1.0521885521885521,74.81060606060608,7.481060606060607,13.0,time_limit,
UA.D.CEGUS.DAILY.IP,SUCCESS,2025-06-13 04:00:00+00:00,2025-06-24 04:00:00+00:00,29697.0,32048.0,ask,bid,0.03367343502710712,79.16624574872883,7.916624574872882,11.0,take_profit,
UB.D.LIUS.DAILY.IP,SUCCESS,2025-06-13 04:00:00+00:00,2025-06-18 04:00:00+00:00,2779.0,2638.0,ask,bid,0.35984166966534725,-50.737675422813965,-5.073767542281397,5.0,stop_loss,
SI.D.SPLVUS.DAILY.IP,SUCCESS,2025-06-13 04:00:00+00:00,2025-06-26 04:00:00+00:00,7249.0,7193.0,ask,bid,0.13795006207752794,-7.725203476341565,-0.7725203476341566,13.0,time_limit,
SG.D.SNNUS.DAILY.IP,SUCCESS,2025-06-13 04:00:00+00:00,2025-06-26 04:00:00+00:00,2943.0,3015.0,ask,bid,0.3397893306150187,24.464831804281346,2.4464831804281344,13.0,time_limit,
SH.D.WMBUS.DAILY.IP,SUCCESS,2025-06-13 04:00:00+00:00,2025-06-26 04:00:00+00:00,5982.0,6282.0,ask,bid,0.1671681711802073,50.15045135406219,5.015045135406219,13.0,time_limit,
UB.D.GLNG.DAILY.IP,SUCCESS,2025-06-13 04:00:00+00:00,2025-06-26 04:00:00+00:00,4229.0,4161.0,ask,bid,0.23646252069047055,-16.079451406951996,-1.6079451406952,13.0,time_limit,
SH.D.WAG.DAILY.IP,SUCCESS,2025-06-13 04:00:00+00:00,2025-06-26 04:00:00+00:00,1142.1,1136.9,ask,bid,0.8755800717975659,-4.553016373347184,-0.4553016373347184,13.0,time_limit,
KA.D.VUKELN.DAILY.IP,SUCCESS,2025-06-15 23:00:00+00:00,2025-06-26 23:00:00+00:00,3901.0,3814.0,ask,bid,0.2563445270443476,-22.301973852858243,-2.230197385285824,11.0,time_limit,
SB.D.C.DAILY.IP,SUCCESS,2025-06-13 04:00:00+00:00,2025-06-26 04:00:00+00:00,7654.0,8411.0,ask,bid,0.13065064018813694,98.90253462241967,9.890253462241967,13.0,take_profit,
SG.D.SLW.DAILY.IP,SUCCESS,2025-06-13 04:00:00+00:00,2025-06-26 04:00:00+00:00,9175.0,9021.0,ask,bid,0.10899182561307902,-16.78474114441417,-1.678474114441417,13.0,time_limit,
SA.D.AER.DAILY.IP,SUCCESS,2025-06-13 04:00:00+00:00,2025-06-26 04:00:00+00:00,11588.0,11567.0,ask,bid,0.08629616845012081,-1.812219537452537,-0.1812219537452537,13.0,time_limit,
UD.D.SSRI.DAILY.IP,SUCCESS,2025-06-13 04:00:00+00:00,2025-06-26 04:00:00+00:00,1273.9,1261.1,ask,bid,0.784990972603815,-10.047884449328976,-1.0047884449328974,13.0,time_limit,
UC.D.MNDYUS.DAILY.IP,SUCCESS,2025-06-13 04:00:00+00:00,2025-06-26 04:00:00+00:00,27999.0,30464.0,ask,bid,0.03571556127004536,88.03885853066181,8.803885853066182,13.0,take_profit,
SI.D.VGKUS.DAILY.IP,SUCCESS,2025-06-13 04:00:00+00:00,2025-06-26 04:00:00+00:00,7727.0,7657.0,ask,bid,0.12941633234114144,-9.059143263879902,-0.9059143263879901,13.0,time_limit,
SE.D.OACUS.DAILY.IP,SUCCESS,2025-06-13 04:00:00+00:00,2025-06-16 04:00:00+00:00,5537.0,5980.0,ask,bid,0.18060321473722232,80.00722412858948,8.000722412858948,3.0,take_profit,
SC.D.FMX.DAILY.IP,SUCCESS,2025-06-13 04:00:00+00:00,2025-06-20 04:00:00+00:00,10599.0,10036.0,ask,bid,0.09434852344560808,-53.11821869987735,-5.311821869987735,7.0,stop_loss,
SI.D.IEFAUS.DAILY.IP,SUCCESS,2025-06-13 04:00:00+00:00,2025-06-26 04:00:00+00:00,8308.0,8250.0,ask,bid,0.1203659123736158,-6.981222917669716,-0.6981222917669716,13.0,time_limit,
SE.D.ONONUS.DAILY.IP,SUCCESS,2025-06-13 04:00:00+00:00,2025-06-26 04:00:00+00:00,5230.0,5152.0,ask,bid,0.19120458891013384,-14.913957934990439,-1.491395793499044,13.0,time_limit,
EC.D.LVCFP.DAILY.IP,SUCCESS,2025-06-15 22:00:00+00:00,2025-06-18 22:00:00+00:00,3984.4,3782.5,ask,bid,0.25097881738781247,-50.67262323059936,-5.0672623230599365,3.0,stop_loss,
SE.D.PLNTUS.DAILY.IP,SUCCESS,2025-06-13 04:00:00+00:00,2025-06-26 04:00:00+00:00,10278.0,10780.0,ask,bid,0.0972951936174353,48.84218719595252,4.8842187195952524,13.0,time_limit,
SI.D.IWPUS.DAILY.IP,SUCCESS,2025-06-13 04:00:00+00:00,2025-06-26 04:00:00+00:00,13348.0,13809.0,ask,bid,0.0749175906502847,34.537009289781246,3.4537009289781246,13.0,time_limit,
SI.D.TBTUS.DAILY.IP,SUCCESS,2025-06-13 04:00:00+00:00,2025-06-26 04:00:00+00:00,3691.0,3524.0,ask,bid,0.270929287455974,-45.24519100514766,-4.524519100514766,13.0,time_limit,
KN.D.ZEBCT.DAILY.IP,SUCCESS,2025-06-13 04:00:00+00:00,2025-06-26 04:00:00+00:00,4425.0,4537.0,ask,bid,0.22598870056497175,25.310734463276837,2.531073446327684,13.0,time_limit,
UC.D.ROICUS.DAILY.IP,ERROR,,,,,,,,,,,,"""None of ['stick_datetime'] are in the columns"""
SA.D.ABT.DAILY.IP,SUCCESS,2025-06-13 04:00:00+00:00,2025-06-26 04:00:00+00:00,13566.0,13360.0,ask,bid,0.07371369600471768,-15.185021376971841,-1.5185021376971841,13.0,time_limit,
SA.D.AZEKUS.DAILY.IP,SUCCESS,2025-06-13 04:00:00+00:00,2025-06-26 04:00:00+00:00,5343.0,5289.0,ask,bid,0.18716077110237694,-10.106681639528356,-1.0106681639528354,13.0,time_limit,
SI.D.EWLUS.DAILY.IP,SUCCESS,2025-06-13 04:00:00+00:00,2025-06-26 04:00:00+00:00,5528.0,5422.0,ask,bid,0.1808972503617945,-19.175108538350216,-1.9175108538350214,13.0,time_limit,
UB.D.FB.DAILY.IP,SUCCESS,2025-06-13 04:00:00+00:00,2025-06-26 04:00:00+00:00,68355.0,72366.0,ask,bid,0.01462950771706532,58.678955453149,5.867895545314901,13.0,time_limit,
AC.D.3033HK.DAILY.IP,SUCCESS,2025-06-15 16:00:00+00:00,2025-06-26 16:00:00+00:00,522.8,522.2,ask,bid,1.912777352716144,-1.1476664116295126,-0.11476664116295125,11.0,time_limit,
UD.D.VIGIUS.DAILY.IP,SUCCESS,2025-06-13 04:00:00+00:00,2025-06-26 04:00:00+00:00,9017.0,8920.0,ask,bid,0.11090163025396474,-10.75745813463458,-1.075745813463458,13.0,time_limit,
SE.D.NRG.DAILY.IP,SUCCESS,2025-06-13 04:00:00+00:00,2025-06-26 04:00:00+00:00,15210.0,16151.0,ask,bid,0.06574621959237344,61.867192636423404,6.18671926364234,13.0,time_limit,
UB.D.IBKR.DAILY.IP,SUCCESS,2025-06-13 04:00:00+00:00,2025-06-18 04:00:00+00:00,20220.0,5253.0,ask,bid,0.04945598417408507,-740.2077151335312,-74.02077151335313,5.0,stop_loss,
SI.D.GBTCUS.DAILY.IP,SUCCESS,2025-06-13 04:00:00+00:00,2025-06-26 04:00:00+00:00,8290.0,8468.0,ask,bid,0.12062726176115803,21.47165259348613,2.147165259348613,13.0,time_limit,
SI.D.EWDUS.DAILY.IP,SUCCESS,2025-06-13 04:00:00+00:00,2025-06-26 04:00:00+00:00,4568.0,4511.0,ask,bid,0.21891418563922943,-12.478108581436077,-1.2478108581436076,13.0,time_limit,
AJ.D.1615JT.DAILY.IP,SUCCESS,2025-06-15 15:00:00+00:00,2025-06-26 15:00:00+00:00,405.0,407.7,ask,bid,2.4691358024691357,6.6666666666666385,0.6666666666666639,11.0,time_limit,
SA.D.BAPUS.DAILY.IP,SUCCESS,2025-06-13 04:00:00+00:00,2025-06-26 04:00:00+00:00,21730.0,22285.0,ask,bid,0.04601932811780948,25.540727105384263,2.5540727105384264,13.0,time_limit,
SG.D.TELUS.DAILY.IP,SUCCESS,2025-06-13 04:00:00+00:00,2025-06-26 04:00:00+00:00,16278.0,16896.0,ask,bid,0.06143260842855388,37.965352008846295,3.7965352008846294,13.0,time_limit,
SB.D.CCE.DAILY.IP,SUCCESS,2025-06-13 04:00:00+00:00,2025-06-26 04:00:00+00:00,9296.0,9120.0,ask,bid,0.10757314974182444,-18.9328743545611,-1.8932874354561102,13.0,time_limit,
SI.D.EEMUS.DAILY.IP,SUCCESS,2025-06-13 04:00:00+00:00,2025-06-26 04:00:00+00:00,4716.0,4818.0,ask,bid,0.21204410517387617,21.62849872773537,2.1628498727735366,13.0,time_limit,
UD.D.TASR.DAILY.IP,SUCCESS,2025-06-13 04:00:00+00:00,2025-06-26 04:00:00+00:00,78068.0,80346.0,ask,bid,0.012809345698621714,29.179689501460263,2.9179689501460264,13.0,time_limit,
SA.D.BMOUS.DAILY.IP,SUCCESS,2025-06-13 04:00:00+00:00,2025-06-26 04:00:00+00:00,10700.0,10902.0,ask,bid,0.09345794392523364,18.878504672897197,1.8878504672897196,13.0,time_limit,
UA.D.ACWXUS.DAILY.IP,SUCCESS,2025-06-13 04:00:00+00:00,2025-06-26 04:00:00+00:00,6049.0,6055.0,ask,bid,0.1653165812530997,0.9918994875185982,0.09918994875185982,13.0,time_limit,
SA.D.ADTUS.DAILY.IP,SUCCESS,2025-06-13 04:00:00+00:00,2025-06-26 04:00:00+00:00,812.2,838.7,ask,bid,1.2312238364934744,32.627431667077076,3.262743166707707,13.0,time_limit,
SE.D.MAUS.DAILY.IP,SUCCESS,2025-06-13 04:00:00+00:00,2025-06-20 04:00:00+00:00,56201.0,53137.0,ask,bid,0.01779327769968506,-54.51860287183502,-5.451860287183502,7.0,stop_loss,
SE.D.MFC.DAILY.IP,SUCCESS,2025-06-13 04:00:00+00:00,2025-06-26 04:00:00+00:00,3121.0,3204.0,ask,bid,0.32041012495994875,26.594040371675746,2.6594040371675747,13.0,time_limit,
AC.D.7200HK.DAILY.IP,SUCCESS,2025-06-15 16:00:00+00:00,2025-06-18 16:00:00+00:00,532.3,491.2,ask,bid,1.8786398647379299,-77.21209844072885,-7.7212098440728845,3.0,stop_loss,
SB.D.CPNGUS.DAILY.IP,SUCCESS,2025-06-13 04:00:00+00:00,2025-06-26 04:00:00+00:00,2814.0,2977.0,ask,bid,0.35536602700781805,57.92466240227434,5.792466240227434,13.0,time_limit,
ED.D.SXXPIEXGY.DAILY.IP,SUCCESS,2025-06-15 22:00:00+00:00,2025-06-26 22:00:00+00:00,5469.0,5402.0,ask,bid,0.18284878405558602,-12.250868531724263,-1.2250868531724264,11.0,time_limit,
SI.D.IGFUS.DAILY.IP,SUCCESS,2025-06-13 04:00:00+00:00,2025-06-26 04:00:00+00:00,5946.0,5854.0,ask,bid,0.16818028927009754,-15.472586612848973,-1.5472586612848973,13.0,time_limit,
ED.D.4GLDGY.DAILY.IP,SUCCESS,2025-06-15 22:00:00+00:00,2025-06-26 22:00:00+00:00,9473.0,8958.0,ask,bid,0.10556317956296844,-54.36503747492875,-5.436503747492875,11.0,stop_loss,
SG.D.RELXUS.DAILY.IP,SUCCESS,2025-06-13 04:00:00+00:00,2025-06-26 04:00:00+00:00,5281.0,5326.0,ask,bid,0.1893580761219466,8.521113425487597,0.8521113425487596,13.0,time_limit,
SG.D.TDUS.DAILY.IP,SUCCESS,2025-06-13 04:00:00+00:00,2025-06-26 04:00:00+00:00,7086.0,7283.0,ask,bid,0.14112334180073385,27.80129833474457,2.7801298334744566,13.0,time_limit,
UD.D.SSYS.DAILY.IP,SUCCESS,2025-06-13 04:00:00+00:00,2025-06-26 04:00:00+00:00,1023.5,1115.3,ask,bid,0.9770395701025891,89.69223253541763,8.969223253541763,13.0,take_profit,
SD.D.KMIUS.DAILY.IP,SUCCESS,2025-06-13 04:00:00+00:00,2025-06-26 04:00:00+00:00,2768.8,2886.1,ask,bid,0.361167292689974,42.36492343253385,4.236492343253385,13.0,time_limit,
AC.D.3032HK.DAILY.IP,SUCCESS,2025-06-15 16:00:00+00:00,2025-06-26 16:00:00+00:00,530.8,530.2,ask,bid,1.8839487565938209,-1.1303692539561212,-0.11303692539561211,11.0,time_limit,
SA.D.AMPSUS.DAILY.IP,ERROR,,,,,,,,,,,,"""None of ['stick_datetime'] are in the columns"""
SC.D.HBC.DAILY.IP,SUCCESS,2025-06-13 04:00:00+00:00,2025-06-26 04:00:00+00:00,5923.0,6044.0,ask,bid,0.1688333614722269,20.428836738139456,2.0428836738139453,13.0,time_limit,
SG.D.RCL.DAILY.IP,SUCCESS,2025-06-13 04:00:00+00:00,2025-06-24 04:00:00+00:00,25812.0,28029.0,ask,bid,0.038741670540833724,85.89028358902837,8.589028358902837,11.0,take_profit,
SB.D.EPR.DAILY.IP,SUCCESS,2025-06-13 04:00:00+00:00,2025-06-26 04:00:00+00:00,5661.0,5762.0,ask,bid,0.17664723547076489,17.841370782547255,1.7841370782547255,13.0,time_limit,
UA.D.CIBRUS.DAILY.IP,SUCCESS,2025-06-13 04:00:00+00:00,2025-06-26 04:00:00+00:00,7244.0,7491.0,ask,bid,0.13804527885146328,34.09718387631143,3.4097183876311434,13.0,time_limit,
SG.D.SPRUS.DAILY.IP,SUCCESS,2025-06-13 04:00:00+00:00,2025-06-26 04:00:00+00:00,3686.0,3712.0,ask,bid,0.27129679869777534,7.053716766142159,0.705371676614216,13.0,time_limit,
SC.D.FMSUS.DAILY.IP,SUCCESS,2025-06-13 04:00:00+00:00,2025-06-17 04:00:00+00:00,2867.0,2702.0,ask,bid,0.3487966515521451,-57.55144750610395,-5.755144750610395,4.0,stop_loss,
SI.D.FEZUS.DAILY.IP,SUCCESS,2025-06-13 04:00:00+00:00,2025-06-26 04:00:00+00:00,5924.0,5876.0,ask,bid,0.1688048615800135,-8.102633355840648,-0.8102633355840648,13.0,time_limit,
SB.D.COF.DAILY.IP,SUCCESS,2025-06-13 04:00:00+00:00,2025-06-25 04:00:00+00:00,19280.0,20799.0,ask,bid,0.05186721991701245,78.78630705394191,7.87863070539419,12.0,take_profit,
SE.D.MTZ.DAILY.IP,SUCCESS,2025-06-13 04:00:00+00:00,2025-06-26 04:00:00+00:00,16221.0,17052.0,ask,bid,0.061648480364959006,51.22988718328094,5.122988718328093,13.0,time_limit,
SB.D.CX.DAILY.IP,SUCCESS,2025-06-13 04:00:00+00:00,2025-06-26 04:00:00+00:00,679.0,682.0,ask,bid,1.4727540500736378,4.418262150220913,0.4418262150220913,13.0,time_limit,
SB.D.CNMUS.DAILY.IP,SUCCESS,2025-06-13 04:00:00+00:00,2025-06-26 04:00:00+00:00,5616.0,5926.0,ask,bid,0.17806267806267806,55.199430199430196,5.519943019943019,13.0,time_limit,
UC.D.NTRAUS.DAILY.IP,SUCCESS,2025-06-13 04:00:00+00:00,2025-06-26 04:00:00+00:00,16540.0,16808.0,ask,bid,0.060459492140266025,16.203143893591296,1.6203143893591294,13.0,time_limit,
SB.D.EW.DAILY.IP,SUCCESS,2025-06-13 04:00:00+00:00,2025-06-26 04:00:00+00:00,7520.0,7710.0,ask,bid,0.13297872340425532,25.26595744680851,2.5265957446808507,13.0,time_limit,
SE.D.NETUS.DAILY.IP,SUCCESS,2025-06-13 04:00:00+00:00,2025-06-24 04:00:00+00:00,17201.0,18641.0,ask,bid,0.058136154874716586,83.71606301959189,8.37160630195919,11.0,take_profit,
UB.D.GRPN.DAILY.IP,SUCCESS,2025-06-13 04:00:00+00:00,2025-06-18 04:00:00+00:00,3393.0,3696.0,ask,bid,0.29472443265546716,89.30150309460655,8.930150309460656,5.0,take_profit,
SA.D.BRUS.DAILY.IP,SUCCESS,2025-06-13 04:00:00+00:00,2025-06-26 04:00:00+00:00,23723.0,23917.0,ask,bid,0.04215318467310205,8.177717826581798,0.8177717826581798,13.0,time_limit,
SG.D.RL.DAILY.IP,SUCCESS,2025-06-13 04:00:00+00:00,2025-06-26 04:00:00+00:00,26051.0,27325.0,ask,bid,0.038386242370734326,48.90407278031553,4.890407278031553,13.0,time_limit,
UC.D.PPHMUS.DAILY.IP,ERROR,,,,,,,,,,,,"""None of ['stick_datetime'] are in the columns"""
SD.D.LTR.DAILY.IP,SUCCESS,2025-06-13 04:00:00+00:00,2025-06-26 04:00:00+00:00,8869.0,9000.0,ask,bid,0.11275228323373548,14.770549103619349,1.4770549103619348,13.0,time_limit,
SA.D.ASAIUS.DAILY.IP,SUCCESS,2025-06-13 04:00:00+00:00,2025-06-20 04:00:00+00:00,1034.5,978.5,ask,bid,0.9666505558240696,-54.13243112614789,-5.413243112614789,7.0,stop_loss,
UA.D.BCRX.DAILY.IP,SUCCESS,2025-06-13 04:00:00+00:00,2025-06-25 04:00:00+00:00,1038.6,971.5,ask,bid,0.9628345850182939,-64.60620065472743,-6.460620065472742,12.0,stop_loss,
UC.D.ODDUS.DAILY.IP,SUCCESS,2025-06-13 04:00:00+00:00,2025-06-26 04:00:00+00:00,7239.0,7161.0,ask,bid,0.1381406271584473,-10.774968918358889,-1.077496891835889,13.0,time_limit,
SB.D.DTMWUS.DAILY.IP,SUCCESS,2025-06-13 04:00:00+00:00,2025-06-26 04:00:00+00:00,10635.0,10983.0,ask,bid,0.09402914903620123,32.722143864598024,3.272214386459803,13.0,time_limit,
SG.D.T.DAILY.IP,SUCCESS,2025-06-13 04:00:00+00:00,2025-06-26 04:00:00+00:00,2832.8,2792.2,ask,bid,0.35300762496469923,-14.332109573566918,-1.4332109573566918,13.0,time_limit,
SG.D.SBSUS.DAILY.IP,SUCCESS,2025-06-13 04:00:00+00:00,2025-06-26 04:00:00+00:00,2086.1,2083.9,ask,bid,0.47936340539763195,-1.054599491874703,-0.10545994918747031,13.0,time_limit,
UC.D.PAYX.DAILY.IP,SUCCESS,2025-06-13 04:00:00+00:00,2025-06-25 04:00:00+00:00,15328.0,13789.0,ask,bid,0.0652400835073069,-100.4044885177453,-10.040448851774531,12.0,stop_loss,
UA.D.AAXJUS.DAILY.IP,SUCCESS,2025-06-13 04:00:00+00:00,2025-06-26 04:00:00+00:00,8079.0,8285.0,ask,bid,0.12377769525931427,25.49820522341874,2.549820522341874,13.0,time_limit,
SG.D.TYC.DAILY.IP,SUCCESS,2025-06-13 04:00:00+00:00,2025-06-26 04:00:00+00:00,10201.0,10440.0,ask,bid,0.09802960494069209,23.42907558082541,2.342907558082541,13.0,time_limit,
SE.D.MMM.DAILY.IP,SUCCESS,2025-06-13 04:00:00+00:00,2025-06-26 04:00:00+00:00,14504.0,14896.0,ask,bid,0.06894649751792609,27.027027027027025,2.7027027027027026,13.0,time_limit,
SI.D.XLI.DAILY.IP,SUCCESS,2025-06-13 04:00:00+00:00,2025-06-26 04:00:00+00:00,14269.0,14530.0,ask,bid,0.07008199593524424,18.291400939098747,1.8291400939098745,13.0,time_limit,
SC.D.GS.DAILY.IP,SUCCESS,2025-06-13 04:00:00+00:00,2025-06-24 04:00:00+00:00,61454.0,66211.0,ask,bid,0.016272333778110458,77.40749178247145,7.740749178247146,11.0,take_profit,
UB.D.FTNT.DAILY.IP,SUCCESS,2025-06-13 04:00:00+00:00,2025-06-26 04:00:00+00:00,10088.0,10381.0,ask,bid,0.09912767644726407,29.044409199048374,2.9044409199048373,13.0,time_limit,
UB.D.DBXUS.DAILY.IP,SUCCESS,2025-06-13 04:00:00+00:00,2025-06-26 04:00:00+00:00,2813.0,2794.0,ask,bid,0.35549235691432635,-6.754354781372201,-0.6754354781372202,13.0,time_limit,
UA.D.BZUS.DAILY.IP,SUCCESS,2025-06-13 04:00:00+00:00,2025-06-26 04:00:00+00:00,1768.6,1758.4,ask,bid,0.5654189754608165,-5.767273549700226,-0.5767273549700226,13.0,time_limit,
SI.D.ILF.DAILY.IP,SUCCESS,2025-06-13 04:00:00+00:00,2025-06-26 04:00:00+00:00,2593.9,2575.1,ask,bid,0.3855198735494815,-7.247773622730322,-0.7247773622730322,13.0,time_limit,
SG.D.SCHWAB.DAILY.IP,SUCCESS,2025-06-13 04:00:00+00:00,2025-06-26 04:00:00+00:00,8739.0,8940.0,ask,bid,0.11442956860052637,23.0003432887058,2.30003432887058,13.0,time_limit,
SE.D.ORUS.DAILY.IP,SUCCESS,2025-06-13 04:00:00+00:00,2025-06-24 04:00:00+00:00,2686.0,2545.2,ask,bid,0.37230081906180196,-52.41995532390178,-5.241995532390178,11.0,stop_loss,
SA.D.BNUS.DAILY.IP,SUCCESS,2025-06-13 04:00:00+00:00,2025-06-26 04:00:00+00:00,5786.0,6106.0,ask,bid,0.17283097131005876,55.3059108192188,5.53059108192188,13.0,time_limit,
SA.D.AIRCUS.DAILY.IP,ERROR,,,,,,,,,,,,"""None of ['stick_datetime'] are in the columns"""
UA.D.CYBRUS.DAILY.IP,SUCCESS,2025-06-13 04:00:00+00:00,2025-06-26 04:00:00+00:00,38686.0,40308.0,ask,bid,0.025849144393320582,41.92731220596598,4.192731220596598,13.0,time_limit,
UC.D.NARIUS.DAILY.IP,ERROR,,,,,,,,,,,,"""None of ['stick_datetime'] are in the columns"""
SB.D.DRI.DAILY.IP,SUCCESS,2025-06-13 04:00:00+00:00,2025-06-26 04:00:00+00:00,21755.0,21585.0,ask,bid,0.045966444495518274,-7.8142955642381065,-0.7814295564238106,13.0,time_limit,
SI.D.VEUUS.DAILY.IP,SUCCESS,2025-06-13 04:00:00+00:00,2025-06-26 04:00:00+00:00,6623.0,6672.0,ask,bid,0.15098897780462026,7.398459912426392,0.7398459912426392,13.0,time_limit,
SB.D.COT.DAILY.IP,ERROR,,,,,,,,,,,,"""None of ['stick_datetime'] are in the columns"""
SH.D.WMI.DAILY.IP,SUCCESS,2025-06-13 04:00:00+00:00,2025-06-26 04:00:00+00:00,23648.0,22662.0,ask,bid,0.042286874154262515,-41.69485791610284,-4.169485791610284,13.0,time_limit,
SG.D.THC.DAILY.IP,SUCCESS,2025-06-13 04:00:00+00:00,2025-06-26 04:00:00+00:00,16442.0,17239.0,ask,bid,0.060819851599562096,48.47342172485099,4.847342172485099,13.0,time_limit,
SB.D.CBS.DAILY.IP,SUCCESS,2025-06-13 04:00:00+00:00,2025-06-26 04:00:00+00:00,1191.2,1229.8,ask,bid,0.8394895903290799,32.404298186702405,3.2404298186702407,13.0,time_limit,
SB.D.EQHUS.DAILY.IP,SUCCESS,2025-06-13 04:00:00+00:00,2025-06-26 04:00:00+00:00,5165.0,5598.0,ask,bid,0.1936108422071636,83.83349467570184,8.383349467570184,13.0,take_profit,
SH.D.VZ.DAILY.IP,SUCCESS,2025-06-13 04:00:00+00:00,2025-06-26 04:00:00+00:00,4317.0,4197.0,ask,bid,0.23164234422052352,-27.79708130646282,-2.779708130646282,13.0,time_limit,
SI.D.EWGUS.DAILY.IP,SUCCESS,2025-06-13 04:00:00+00:00,2025-06-26 04:00:00+00:00,4156.0,4160.0,ask,bid,0.24061597690086622,0.9624639076034649,0.0962463907603465,13.0,time_limit,
SG.D.ROLUS.DAILY.IP,SUCCESS,2025-06-13 04:00:00+00:00,2025-06-26 04:00:00+00:00,5691.0,5564.0,ask,bid,0.17571604287471446,-22.315937445088736,-2.2315937445088734,13.0,time_limit,
UA.D.CARTUS.DAILY.IP,SUCCESS,2025-06-13 04:00:00+00:00,2025-06-26 04:00:00+00:00,4343.0,4489.0,ask,bid,0.23025558369790466,33.61731521989408,3.3617315219894084,13.0,time_limit,
UB.D.GT.DAILY.IP,SUCCESS,2025-06-13 04:00:00+00:00,2025-06-17 04:00:00+00:00,1095.1,1034.0,ask,bid,0.9131586156515388,-55.793991416308934,-5.579399141630893,4.0,stop_loss,
SG.D.STEUS.DAILY.IP,SUCCESS,2025-06-13 04:00:00+00:00,2025-06-26 04:00:00+00:00,24145.0,23836.0,ask,bid,0.04141644232760406,-12.797680679229654,-1.2797680679229655,13.0,time_limit,
SG.D.SHOPUS.DAILY.IP,SUCCESS,2025-06-13 04:00:00+00:00,2025-06-24 04:00:00+00:00,10594.0,11426.0,ask,bid,0.09439305267132339,78.53501982254106,7.853501982254106,11.0,take_profit,
SB.D.DG.DAILY.IP,SUCCESS,2025-06-13 04:00:00+00:00,2025-06-26 04:00:00+00:00,11172.0,11259.0,ask,bid,0.08950948800572861,7.787325456498389,0.778732545649839,13.0,time_limit,
SB.D.DHTUS.DAILY.IP,SUCCESS,2025-06-13 04:00:00+00:00,2025-06-24 04:00:00+00:00,1216.8,1115.3,ask,bid,0.821827744904668,-83.4155161078238,-8.34155161078238,11.0,stop_loss,
SI.D.EFVUS.DAILY.IP,SUCCESS,2025-06-13 04:00:00+00:00,2025-06-26 04:00:00+00:00,6392.0,6302.0,ask,bid,0.15644555694618273,-14.080100125156445,-1.4080100125156445,13.0,time_limit,
SC.D.FHN.DAILY.IP,SUCCESS,2025-06-13 04:00:00+00:00,2025-06-26 04:00:00+00:00,1913.9,2087.9,ask,bid,0.5224933382099378,90.91384084852918,9.091384084852917,13.0,take_profit,
SH.D.UGI.DAILY.IP,SUCCESS,2025-06-13 04:00:00+00:00,2025-06-26 04:00:00+00:00,3624.0,3601.0,ask,bid,0.27593818984547464,-6.346578366445916,-0.6346578366445916,13.0,time_limit,
SB.D.CNKUS.DAILY.IP,SUCCESS,2025-06-13 04:00:00+00:00,2025-06-25 04:00:00+00:00,3216.0,3014.0,ask,bid,0.31094527363184077,-62.81094527363184,-6.281094527363183,12.0,stop_loss,
SI.D.EZUUS.DAILY.IP,SUCCESS,2025-06-13 04:00:00+00:00,2025-06-26 04:00:00+00:00,5904.0,5851.0,ask,bid,0.16937669376693767,-8.976964769647697,-0.8976964769647697,13.0,time_limit,
UC.D.MNST.DAILY.IP,SUCCESS,2025-06-13 04:00:00+00:00,2025-06-26 04:00:00+00:00,6313.0,6212.0,ask,bid,0.1584032947885316,-15.998732773641692,-1.599873277364169,13.0,time_limit,
SI.D.VEAUS.DAILY.IP,SUCCESS,2025-06-13 04:00:00+00:00,2025-06-26 04:00:00+00:00,5622.0,5644.0,ask,bid,0.17787264318747775,3.9131981501245106,0.39131981501245106,13.0,time_limit,
SI.D.EWZ.DAILY.IP,SUCCESS,2025-06-13 04:00:00+00:00,2025-06-26 04:00:00+00:00,2817.0,2808.0,ask,bid,0.35498757543485976,-3.1948881789137378,-0.3194888178913738,13.0,time_limit,
SE.D.MOS.DAILY.IP,SUCCESS,2025-06-13 04:00:00+00:00,2025-06-26 04:00:00+00:00,3579.6,3514.5,ask,bid,0.27936082243826127,-18.186389540730783,-1.8186389540730783,13.0,time_limit,
SB.D.CPAUS.DAILY.IP,SUCCESS,2025-06-13 04:00:00+00:00,2025-06-26 04:00:00+00:00,10386.0,10691.0,ask,bid,0.09628345850182939,29.366454843057962,2.9366454843057963,13.0,time_limit,
SH.D.WAB.DAILY.IP,SUCCESS,2025-06-13 04:00:00+00:00,2025-06-26 04:00:00+00:00,20184.0,20625.0,ask,bid,0.04954419342053112,21.84898929845422,2.1848989298454224,13.0,time_limit,
SB.D.CTVAUS.DAILY.IP,SUCCESS,2025-06-13 04:00:00+00:00,2025-06-26 04:00:00+00:00,7250.0,7429.0,ask,bid,0.13793103448275862,24.689655172413794,2.4689655172413794,13.0,time_limit,
SG.D.SWIUS.DAILY.IP,ERROR,,,,,,,,,,,,"""None of ['stick_datetime'] are in the columns"""
UB.D.ESGDUS.DAILY.IP,SUCCESS,2025-06-13 04:00:00+00:00,2025-06-26 04:00:00+00:00,8912.0,8800.0,ask,bid,0.11220825852782765,-12.567324955116696,-1.2567324955116694,13.0,time_limit,
SH.D.WMT.DAILY.IP,SUCCESS,2025-06-13 04:00:00+00:00,2025-06-26 04:00:00+00:00,9448.0,9599.0,ask,bid,0.10584250635055038,15.982218458933108,1.598221845893311,13.0,time_limit,
UD.D.SCZUS.DAILY.IP,SUCCESS,2025-06-13 04:00:00+00:00,2025-06-26 04:00:00+00:00,7132.0,7184.0,ask,bid,0.14021312394840157,7.291082445316881,0.7291082445316881,13.0,time_limit,
SA.D.AMUS.DAILY.IP,SUCCESS,2025-06-13 04:00:00+00:00,2025-06-26 04:00:00+00:00,1830.7,1888.2,ask,bid,0.546239143497023,31.40875075107882,3.1408750751078824,13.0,time_limit,
SH.D.ULUS.DAILY.IP,SUCCESS,2025-06-13 04:00:00+00:00,2025-06-26 04:00:00+00:00,6273.0,6062.0,ask,bid,0.15941335883947075,-33.63621871512833,-3.3636218715128328,13.0,time_limit,
UB.D.KWEBUS.DAILY.IP,SUCCESS,2025-06-13 04:00:00+00:00,2025-06-26 04:00:00+00:00,3405.0,3429.0,ask,bid,0.2936857562408223,7.048458149779735,0.7048458149779735,13.0,time_limit,
SE.D.MTUS.DAILY.IP,SUCCESS,2025-06-13 04:00:00+00:00,2025-06-26 04:00:00+00:00,3018.0,3160.0,ask,bid,0.3313452617627568,47.051027170311464,4.705102717031147,13.0,time_limit,
UB.D.LBRDKUS.DAILY.IP,SUCCESS,2025-06-13 04:00:00+00:00,2025-06-26 04:00:00+00:00,9227.0,9330.0,ask,bid,0.10837758751490192,11.162891514034898,1.1162891514034898,13.0,time_limit,
UD.D.SBTXUS.DAILY.IP,SUCCESS,2025-06-13 04:00:00+00:00,2025-06-24 04:00:00+00:00,1546.3,1675.5,ask,bid,0.6467050378322448,83.55429088792606,8.355429088792606,11.0,take_profit,
UC.D.MELI.DAILY.IP,SUCCESS,2025-06-13 04:00:00+00:00,2025-06-26 04:00:00+00:00,237280.0,255631.0,ask,bid,0.004214430209035738,77.33900876601483,7.733900876601482,13.0,take_profit,
SI.D.IEMGUS.DAILY.IP,SUCCESS,2025-06-13 04:00:00+00:00,2025-06-26 04:00:00+00:00,5876.0,5991.0,ask,bid,0.17018379850238258,19.571136827773998,1.9571136827773998,13.0,time_limit,
UC.D.NDAQ.DAILY.IP,SUCCESS,2025-06-13 04:00:00+00:00,2025-06-26 04:00:00+00:00,8564.0,8835.0,ask,bid,0.11676786548341897,31.644091546006543,3.1644091546006545,13.0,time_limit,
UA.D.ALNY.DAILY.IP,SUCCESS,2025-06-13 04:00:00+00:00,2025-06-26 04:00:00+00:00,30803.0,31806.0,ask,bid,0.03246437035353699,32.561763464597604,3.2561763464597604,13.0,time_limit,
SD.D.LGF.DAILY.IP,SUCCESS,2025-06-13 04:00:00+00:00,2025-06-18 04:00:00+00:00,1717.6,1584.6,ask,bid,0.5822077317186772,-77.43362831858407,-7.7433628318584065,5.0,stop_loss,
UB.D.LYFTUS.DAILY.IP,SUCCESS,2025-06-13 04:00:00+00:00,2025-06-26 04:00:00+00:00,1482.2,1577.6,ask,bid,0.6746727836999056,64.3637835649709,6.43637835649709,13.0,time_limit,
SC.D.HCAUS.DAILY.IP,SUCCESS,2025-06-13 04:00:00+00:00,2025-06-26 04:00:00+00:00,37115.0,37767.0,ask,bid,0.026943284386366697,17.567021419911086,1.7567021419911086,13.0,time_limit,
UC.D.PYCRUS.DAILY.IP,ERROR,,,,,,,,,,,,"""None of ['stick_datetime'] are in the columns"""
SE.D.PFGCUS.DAILY.IP,SUCCESS,2025-06-13 04:00:00+00:00,2025-06-26 04:00:00+00:00,8624.0,8618.0,ask,bid,0.11595547309833024,-0.6957328385899815,-0.06957328385899814,13.0,time_limit,
SG.D.SIXUS.DAILY.IP,ERROR,,,,,,,,,,,,"""None of ['stick_datetime'] are in the columns"""
UA.D.CALM.DAILY.IP,SUCCESS,2025-06-13 04:00:00+00:00,2025-06-26 04:00:00+00:00,9648.0,9845.0,ask,bid,0.10364842454394693,20.418739635157547,2.0418739635157546,13.0,time_limit,
SI.D.VWOUS.DAILY.IP,SUCCESS,2025-06-13 04:00:00+00:00,2025-06-26 04:00:00+00:00,4841.0,4940.0,ask,bid,0.2065688907250568,20.450320181780622,2.045032018178062,13.0,time_limit,
SE.D.MSUS.DAILY.IP,SUCCESS,2025-06-13 04:00:00+00:00,2025-06-26 04:00:00+00:00,13031.0,13898.0,ask,bid,0.07674008134448622,66.53365052566956,6.653365052566956,13.0,time_limit,
SA.D.BYD.DAILY.IP,SUCCESS,2025-06-13 04:00:00+00:00,2025-06-26 04:00:00+00:00,7336.0,7777.0,ask,bid,0.13631406761177753,60.11450381679389,6.0114503816793885,13.0,time_limit,
SH.D.VEEVUS.DAILY.IP,SUCCESS,2025-06-13 04:00:00+00:00,2025-06-26 04:00:00+00:00,28254.0,28115.0,ask,bid,0.03539321865930488,-4.919657393643378,-0.49196573936433785,13.0,time_limit,
SI.D.FXIUS.DAILY.IP,SUCCESS,2025-06-13 04:00:00+00:00,2025-06-26 04:00:00+00:00,3664.0,3712.0,ask,bid,0.27292576419213976,13.100436681222709,1.310043668122271,13.0,time_limit,
SB.D.DE.DAILY.IP,SUCCESS,2025-06-13 04:00:00+00:00,2025-06-26 04:00:00+00:00,50964.0,50827.0,ask,bid,0.019621693744604034,-2.6881720430107525,-0.26881720430107525,13.0,time_limit,
SB.D.COURUS.DAILY.IP,SUCCESS,2025-06-13 04:00:00+00:00,2025-06-26 04:00:00+00:00,831.2,861.7,ask,bid,1.2030798845043311,36.6939364773821,3.66939364773821,13.0,time_limit,
SA.D.BK.DAILY.IP,SUCCESS,2025-06-13 04:00:00+00:00,2025-06-26 04:00:00+00:00,8867.0,9004.0,ask,bid,0.11277771512349159,15.450546971918348,1.5450546971918346,13.0,time_limit,
SG.D.TGI.DAILY.IP,SUCCESS,2025-06-13 04:00:00+00:00,2025-06-26 04:00:00+00:00,2584.9,2569.1,ask,bid,0.3868621610120314,-6.112422143990167,-0.6112422143990167,13.0,time_limit,
SB.D.CMUS.DAILY.IP,SUCCESS,2025-06-13 04:00:00+00:00,2025-06-26 04:00:00+00:00,6818.0,7050.0,ask,bid,0.14667057788207685,34.02757406864183,3.4027574068641835,13.0,time_limit,
AC.D.3067HK.DAILY.IP,SUCCESS,2025-06-15 16:00:00+00:00,2025-06-26 16:00:00+00:00,1120.8,1119.2,ask,bid,0.8922198429693077,-1.4275517487508111,-0.1427551748750811,11.0,time_limit,
SB.D.EQT.DAILY.IP,SUCCESS,2025-06-13 04:00:00+00:00,2025-06-26 04:00:00+00:00,5689.0,5810.0,ask,bid,0.17577781683951485,21.269115837581296,2.1269115837581296,13.0,time_limit,
SD.D.LYV.DAILY.IP,SUCCESS,2025-06-13 04:00:00+00:00,2025-06-20 04:00:00+00:00,13824.0,14884.0,ask,bid,0.07233796296296297,76.67824074074075,7.667824074074074,7.0,take_profit,
UD.D.VXUSUS.DAILY.IP,SUCCESS,2025-06-13 04:00:00+00:00,2025-06-26 04:00:00+00:00,6800.0,6859.0,ask,bid,0.14705882352941177,8.676470588235295,0.8676470588235295,13.0,time_limit,
SI.D.IEV.DAILY.IP,SUCCESS,2025-06-13 04:00:00+00:00,2025-06-26 04:00:00+00:00,6356.0,6254.0,ask,bid,0.15733165512901195,-16.047828823159218,-1.6047828823159218,13.0,time_limit,
SE.D.NCVUS.DAILY.IP,SUCCESS,2025-06-13 04:00:00+00:00,2025-06-26 04:00:00+00:00,1357.0,1393.9,ask,bid,0.7369196757553427,27.19233603537221,2.719233603537221,13.0,time_limit,
KN.D.XIUCT.DAILY.IP,SUCCESS,2025-06-13 04:00:00+00:00,2025-06-26 04:00:00+00:00,3994.0,4017.0,ask,bid,0.25037556334501754,5.758637956935403,0.5758637956935403,13.0,time_limit,
SG.D.SPOTUS.DAILY.IP,SUCCESS,2025-06-13 04:00:00+00:00,2025-06-26 04:00:00+00:00,71093.0,77586.0,ask,bid,0.014066082455375353,91.33107338275217,9.133107338275217,13.0,take_profit,
SA.D.BROSUS.DAILY.IP,SUCCESS,2025-06-13 04:00:00+00:00,2025-06-26 04:00:00+00:00,6818.0,6741.0,ask,bid,0.14667057788207685,-11.293634496919918,-1.1293634496919918,13.0,time_limit,
SB.D.ECL.DAILY.IP,SUCCESS,2025-06-13 04:00:00+00:00,2025-06-26 04:00:00+00:00,26425.0,26318.0,ask,bid,0.03784295175023652,-4.049195837275308,-0.40491958372753073,13.0,time_limit,
UB.D.FOXCUS.DAILY.IP,SUCCESS,2025-06-13 04:00:00+00:00,2025-06-26 04:00:00+00:00,4936.0,5214.0,ask,bid,0.2025931928687196,56.32090761750405,5.632090761750405,13.0,time_limit,
UD.D.SILKUS.DAILY.IP,ERROR,,,,,,,,,,,,"""None of ['stick_datetime'] are in the columns"""
SE.D.MTG.DAILY.IP,SUCCESS,2025-06-13 04:00:00+00:00,2025-06-26 04:00:00+00:00,2689.0,2756.0,ask,bid,0.3718854592785422,24.91632577166233,2.491632577166233,13.0,time_limit,
UA.D.CHKUS.DAILY.IP,SUCCESS,2025-06-13 04:00:00+00:00,2025-06-26 04:00:00+00:00,11650.0,11859.0,ask,bid,0.08583690987124463,17.93991416309013,1.793991416309013,13.0,time_limit,
UB.D.IDXX.DAILY.IP,SUCCESS,2025-06-13 04:00:00+00:00,2025-06-26 04:00:00+00:00,52286.0,52773.0,ask,bid,0.0191255785487511,9.314156753241786,0.9314156753241786,13.0,time_limit,
UB.D.EBAY.DAILY.IP,SUCCESS,2025-06-13 04:00:00+00:00,2025-06-26 04:00:00+00:00,7740.0,7367.0,ask,bid,0.12919896640826872,-48.19121447028424,-4.819121447028424,13.0,time_limit,
SB.D.CCKUS.DAILY.IP,SUCCESS,2025-06-13 04:00:00+00:00,2025-06-26 04:00:00+00:00,9990.0,10445.0,ask,bid,0.1001001001001001,45.54554554554555,4.554554554554556,13.0,time_limit,
SB.D.EPRTUS.DAILY.IP,SUCCESS,2025-06-13 04:00:00+00:00,2025-06-26 04:00:00+00:00,3242.0,3209.0,ask,bid,0.30845157310302285,-10.178901912399754,-1.0178901912399754,13.0,time_limit,
SI.D.MCHIUS.DAILY.IP,SUCCESS,2025-06-13 04:00:00+00:00,2025-06-26 04:00:00+00:00,5484.0,5550.0,ask,bid,0.18234865061998543,12.035010940919038,1.2035010940919038,13.0,time_limit,
SI.D.EWUUS.DAILY.IP,SUCCESS,2025-06-13 04:00:00+00:00,2025-06-26 04:00:00+00:00,4048.0,3965.0,ask,bid,0.24703557312252963,-20.50395256916996,-2.050395256916996,13.0,time_limit,
UB.D.LMCKUS.DAILY.IP,SUCCESS,2025-06-13 04:00:00+00:00,2025-06-23 04:00:00+00:00,9687.0,10425.0,ask,bid,0.10323113451016827,76.18457726850419,7.618457726850418,10.0,take_profit,
SC.D.HDB.DAILY.IP,SUCCESS,2025-06-13 04:00:00+00:00,2025-06-26 04:00:00+00:00,7396.0,7688.0,ask,bid,0.1352082206598161,39.48080043266631,3.9480800432666308,13.0,time_limit,
SI.D.ARKBUS.DAILY.IP,SUCCESS,2025-06-13 04:00:00+00:00,2025-06-16 04:00:00+00:00,10492.0,3610.0,ask,bid,0.09531071292413268,-655.928326343881,-65.59283263438812,3.0,stop_loss,
SG.D.SYK.DAILY.IP,SUCCESS,2025-06-13 04:00:00+00:00,2025-06-26 04:00:00+00:00,37739.0,39031.0,ask,bid,0.026497787434749197,34.23514136569596,3.4235141365695956,13.0,time_limit,
SG.D.SNOWUS.DAILY.IP,SUCCESS,2025-06-13 04:00:00+00:00,2025-06-26 04:00:00+00:00,20944.0,22046.0,ask,bid,0.04774637127578304,52.616501145912906,5.261650114591291,13.0,time_limit,
UA.D.ACWI.DAILY.IP,SUCCESS,2025-06-13 04:00:00+00:00,2025-06-26 04:00:00+00:00,12543.0,12743.0,ask,bid,0.0797257434425576,15.945148688511521,1.5945148688511521,13.0,time_limit,
SG.D.TU.DAILY.IP,SUCCESS,2025-06-13 04:00:00+00:00,2025-06-26 04:00:00+00:00,1615.4,1590.6,ask,bid,0.6190417234121579,-15.352234740621629,-1.5352234740621629,13.0,time_limit,
UB.D.IBITUS.DAILY.IP,SUCCESS,2025-06-13 04:00:00+00:00,2025-06-26 04:00:00+00:00,5989.0,6115.0,ask,bid,0.16697278343629987,21.038570712973783,2.1038570712973783,13.0,time_limit,
UD.D.URBN.DAILY.IP,SUCCESS,2025-06-13 04:00:00+00:00,2025-06-26 04:00:00+00:00,6803.0,7057.0,ask,bid,0.14699397324709687,37.33646920476261,3.733646920476261,13.0,time_limit,
SD.D.KDUS.DAILY.IP,SUCCESS,2025-06-13 04:00:00+00:00,2025-06-26 04:00:00+00:00,3930.0,4175.0,ask,bid,0.2544529262086514,62.340966921119595,6.23409669211196,13.0,time_limit,
UC.D.PODDUS.DAILY.IP,SUCCESS,2025-06-13 04:00:00+00:00,2025-06-26 04:00:00+00:00,30482.0,30946.0,ask,bid,0.03280624630929729,15.222098287513944,1.5222098287513945,13.0,time_limit,
SI.D.XLF.DAILY.IP,SUCCESS,2025-06-13 04:00:00+00:00,2025-06-26 04:00:00+00:00,5001.0,5173.0,ask,bid,0.19996000799840033,34.39312137572486,3.439312137572486,13.0,time_limit,
SE.D.MO.DAILY.IP,SUCCESS,2025-06-13 04:00:00+00:00,2025-06-26 04:00:00+00:00,5986.0,5876.0,ask,bid,0.1670564650851988,-18.37621115937187,-1.837621115937187,13.0,time_limit,
SH.D.UNM.DAILY.IP,SUCCESS,2025-06-13 04:00:00+00:00,2025-06-26 04:00:00+00:00,7819.0,7964.0,ask,bid,0.1278935925310142,18.54457091699706,1.854457091699706,13.0,time_limit,
UD.D.STNEUS.DAILY.IP,SUCCESS,2025-06-13 04:00:00+00:00,2025-06-16 04:00:00+00:00,1378.1,1505.7,ask,bid,0.7256367462448299,92.59124882084039,9.25912488208404,3.0,take_profit,
SB.D.DESPUS.DAILY.IP,ERROR,,,,,,,,,,,,"""None of ['stick_datetime'] are in the columns"""
SI.D.XLU.DAILY.IP,SUCCESS,2025-06-13 04:00:00+00:00,2025-06-26 04:00:00+00:00,8147.0,8112.0,ask,bid,0.12274456855284153,-4.296059899349454,-0.42960598993494536,13.0,time_limit,
SI.D.SPEMUS.DAILY.IP,SUCCESS,2025-06-13 04:00:00+00:00,2025-06-26 04:00:00+00:00,4207.0,4262.0,ask,bid,0.2376990729736154,13.073449013548847,1.3073449013548848,13.0,time_limit,
AJ.D.2516JT.DAILY.IP,SUCCESS,2025-06-15 15:00:00+00:00,2025-06-26 15:00:00+00:00,599.9,574.4,ask,bid,1.666944490748458,-42.50708451408568,-4.250708451408569,11.0,time_limit,
UD.D.VACQUS.DAILY.IP,SUCCESS,2025-06-13 04:00:00+00:00,2025-06-18 04:00:00+00:00,2558.55,2779.2,ask,bid,0.3908463778311934,86.24025326845269,8.624025326845269,5.0,take_profit,
SC.D.GCAUS.DAILY.IP,SUCCESS,2025-06-13 04:00:00+00:00,2025-06-26 04:00:00+00:00,1418.1,1425.1,ask,ask_fallback,0.7051688879486637,4.936182215640646,0.49361822156406465,13.0,time_limit,
SG.D.RMD.DAILY.IP,SUCCESS,2025-06-13 04:00:00+00:00,2025-06-26 04:00:00+00:00,24952.0,25617.0,ask,bid,0.04007694773966015,26.651170246874,2.6651170246874,13.0,time_limit,
SI.D.EWC.DAILY.IP,SUCCESS,2025-06-13 04:00:00+00:00,2025-06-26 04:00:00+00:00,4593.0,4586.0,ask,bid,0.21772262138036141,-1.52405834966253,-0.152405834966253,13.0,time_limit,
SE.D.NAPAUS.DAILY.IP,ERROR,,,,,,,,,,,,"""None of ['stick_datetime'] are in the columns"""
SI.D.EFAUS.DAILY.IP,SUCCESS,2025-06-13 04:00:00+00:00,2025-06-26 04:00:00+00:00,8927.0,8851.0,ask,bid,0.1120197154699227,-8.513498375714125,-0.8513498375714125,13.0,time_limit,
SB.D.EGOUS.DAILY.IP,SUCCESS,2025-06-13 04:00:00+00:00,2025-06-24 04:00:00+00:00,2149.2,2033.9,ask,bid,0.46528941001302815,-53.64786897450202,-5.364786897450202,11.0,stop_loss,
UC.D.NTNXUS.DAILY.IP,SUCCESS,2025-06-13 04:00:00+00:00,2025-06-26 04:00:00+00:00,7219.0,7524.0,ask,bid,0.13852334118298934,42.249619060811746,4.224961906081175,13.0,time_limit,
UB.D.DOMOUS.DAILY.IP,SUCCESS,2025-06-13 04:00:00+00:00,2025-06-23 04:00:00+00:00,1306.0,1214.2,ask,bid,0.7656967840735069,-70.2909647779479,-7.029096477794791,10.0,stop_loss,
SC.D.GE.DAILY.IP,SUCCESS,2025-06-13 04:00:00+00:00,2025-06-26 04:00:00+00:00,23845.0,25020.0,ask,bid,0.04193751310547285,49.2765778989306,4.92765778989306,13.0,time_limit,
SB.D.CB.DAILY.IP,SUCCESS,2025-06-13 04:00:00+00:00,2025-06-26 04:00:00+00:00,28682.0,28352.0,ask,bid,0.034865072170699396,-11.5054738163308,-1.15054738163308,13.0,time_limit,
UB.D.GTHXUS.DAILY.IP,ERROR,,,,,,,,,,,,"""None of ['stick_datetime'] are in the columns"""
UD.D.SWTXUS.DAILY.IP,SUCCESS,2025-06-13 04:00:00+00:00,2025-06-26 04:00:00+00:00,4684.0,4694.0,ask,bid,0.2134927412467976,2.134927412467976,0.2134927412467976,13.0,time_limit,
SG.D.TPXUS.DAILY.IP,SUCCESS,2025-06-13 04:00:00+00:00,2025-06-26 04:00:00+00:00,6360.0,6661.0,ask,bid,0.15723270440251572,47.32704402515723,4.732704402515723,13.0,time_limit,
UD.D.VODUS.DAILY.IP,SUCCESS,2025-06-13 04:00:00+00:00,2025-06-26 04:00:00+00:00,1000.5,1062.4,ask,bid,0.9995002498750625,61.86906546726646,6.186906546726647,13.0,time_limit,
SA.D.ANUS.DAILY.IP,SUCCESS,2025-06-13 04:00:00+00:00,2025-06-26 04:00:00+00:00,18966.0,19985.0,ask,bid,0.05272593061267531,53.72772329431614,5.372772329431614,13.0,time_limit,
UA.D.CFVIUS.DAILY.IP,SUCCESS,2025-06-13 04:00:00+00:00,2025-06-23 04:00:00+00:00,867.3,823.8,ask,bid,1.1530035743110805,-50.155655482532,-5.0155655482532,10.0,stop_loss,
SB.D.CVNAUS.DAILY.IP,SUCCESS,2025-06-13 04:00:00+00:00,2025-06-24 04:00:00+00:00,29829.0,32196.0,ask,bid,0.03352442254182172,79.352308156492,7.9352308156491995,11.0,take_profit,
UA.D.CSCO.DAILY.IP,SUCCESS,2025-06-13 04:00:00+00:00,2025-06-26 04:00:00+00:00,6432.0,6884.0,ask,bid,0.15547263681592038,70.27363184079601,7.027363184079602,13.0,time_limit,
SA.D.APGUS.DAILY.IP,SUCCESS,2025-06-13 04:00:00+00:00,2025-06-26 04:00:00+00:00,4789.0,5028.0,ask,bid,0.20881186051367717,49.906034662768846,4.990603466276885,13.0,time_limit,
SI.D.EWPUS.DAILY.IP,SUCCESS,2025-06-13 04:00:00+00:00,2025-06-26 04:00:00+00:00,4333.0,4329.0,ask,bid,0.23078698361412417,-0.9231479344564967,-0.09231479344564968,13.0,time_limit,
SE.D.NFG.DAILY.IP,SUCCESS,2025-06-13 04:00:00+00:00,2025-06-26 04:00:00+00:00,8423.0,8430.0,ask,bid,0.11872254541137361,0.8310578178796153,0.08310578178796153,13.0,time_limit,
UB.D.FOXCAUS.DAILY.IP,SUCCESS,2025-06-13 04:00:00+00:00,2025-06-26 04:00:00+00:00,5375.0,5663.0,ask,bid,0.18604651162790697,53.581395348837205,5.358139534883721,13.0,time_limit,
UD.D.STLD.DAILY.IP,SUCCESS,2025-06-13 04:00:00+00:00,2025-06-20 04:00:00+00:00,13355.0,12586.0,ask,bid,0.07487832272557095,-57.58143017596406,-5.758143017596406,7.0,stop_loss,
SI.D.IYFUS.DAILY.IP,SUCCESS,2025-06-13 04:00:00+00:00,2025-06-26 04:00:00+00:00,11439.0,11972.0,ask,bid,0.0874202290410001,46.59498207885305,4.659498207885305,13.0,time_limit,
AC.D.2828HK.DAILY.IP,SUCCESS,2025-06-15 16:00:00+00:00,2025-06-26 16:00:00+00:00,9071.0,8910.0,ask,bid,0.11024142872891633,-17.74887002535553,-1.774887002535553,11.0,time_limit,
AC.D.2822HK.DAILY.IP,SUCCESS,2025-06-15 16:00:00+00:00,2025-06-26 16:00:00+00:00,1319.3,1325.7,ask,bid,0.7579777154551657,4.851057378913129,0.4851057378913129,11.0,time_limit,
SD.D.KARUS.DAILY.IP,SUCCESS,2025-06-13 04:00:00+00:00,2025-06-26 04:00:00+00:00,2293.4,2337.5,ask,bid,0.4360338362256911,19.229092177552936,1.9229092177552933,13.0,time_limit,
SC.D.HCN.DAILY.IP,SUCCESS,2025-06-13 04:00:00+00:00,2025-06-26 04:00:00+00:00,15245.0,15344.0,ask,bid,0.06559527714004591,6.4939324368645455,0.6493932436864546,13.0,time_limit,
SC.D.FVRRUS.DAILY.IP,SUCCESS,2025-06-13 04:00:00+00:00,2025-06-26 04:00:00+00:00,2925.0,2914.0,ask,bid,0.3418803418803419,-3.7606837606837606,-0.37606837606837606,13.0,time_limit,
SG.D.TOSTUS.DAILY.IP,SUCCESS,2025-06-13 04:00:00+00:00,2025-06-26 04:00:00+00:00,4160.0,4244.0,ask,bid,0.2403846153846154,20.192307692307693,2.019230769230769,13.0,time_limit,
ED.D.DAXEX.DAILY.IP,SUCCESS,2025-06-15 22:00:00+00:00,2025-06-26 22:00:00+00:00,19693.0,19844.0,ask,bid,0.050779464784441175,7.667699182450617,0.7667699182450617,11.0,time_limit,
UA.D.APPSUS.DAILY.IP,SUCCESS,2025-06-13 04:00:00+00:00,2025-06-17 04:00:00+00:00,469.0,751.9,ask,bid,2.1321961620469083,603.1982942430703,60.31982942430704,4.0,take_profit,
SI.D.XLCUS.DAILY.IP,SUCCESS,2025-06-13 04:00:00+00:00,2025-06-26 04:00:00+00:00,10264.0,10639.0,ask,bid,0.09742790335151988,36.53546375681996,3.6535463756819957,13.0,time_limit,
UC.D.OMUS.DAILY.IP,SUCCESS,2025-06-13 04:00:00+00:00,2025-06-17 04:00:00+00:00,2011.0,1882.2,ask,bid,0.4972650422675286,-64.04773744405766,-6.404773744405766,4.0,stop_loss,
SD.D.LTHMUS.DAILY.IP,ERROR,,,,,,,,,,,,"""None of ['stick_datetime'] are in the columns"""
SC.D.GTESUS.DAILY.IP,SUCCESS,2025-06-13 04:00:00+00:00,2025-06-26 04:00:00+00:00,2173.3,2285.6,ask,bid,0.46012975659135874,51.67257166520946,5.167257166520946,13.0,time_limit,
SI.D.GLDUS.DAILY.IP,SUCCESS,2025-06-13 04:00:00+00:00,2025-06-26 04:00:00+00:00,31632.0,30673.0,ask,bid,0.03161355589276682,-30.31740010116338,-3.0317400101163376,13.0,time_limit,
UA.D.ACCDUS.DAILY.IP,ERROR,,,,,,,,,,,,"""None of ['stick_datetime'] are in the columns"""
UB.D.FULCUS.DAILY.IP,SUCCESS,2025-06-13 04:00:00+00:00,2025-06-17 04:00:00+00:00,686.0,644.0,ask,bid,1.4577259475218658,-61.224489795918366,-6.122448979591836,4.0,stop_loss,
SC.D.GSXUS.DAILY.IP,SUCCESS,2025-06-13 04:00:00+00:00,2025-06-23 04:00:00+00:00,392.0,371.0,ask,bid,2.5510204081632653,-53.57142857142857,-5.357142857142857,10.0,stop_loss,
SI.D.EWWUS.DAILY.IP,SUCCESS,2025-06-13 04:00:00+00:00,2025-06-20 04:00:00+00:00,6115.0,5804.0,ask,bid,0.1635322976287817,-50.8585445625511,-5.0858544562551105,7.0,stop_loss,
SH.D.WFC.DAILY.IP,SUCCESS,2025-06-13 04:00:00+00:00,2025-06-25 04:00:00+00:00,7264.0,7889.0,ask,bid,0.13766519823788545,86.0407488986784,8.604074889867839,12.0,take_profit,
SG.D.TSLXUS.DAILY.IP,SUCCESS,2025-06-13 04:00:00+00:00,2025-06-26 04:00:00+00:00,2338.5,2345.5,ask,bid,0.4276245456489203,2.9933718195424417,0.29933718195424414,13.0,time_limit,
UA.D.COST.DAILY.IP,SUCCESS,2025-06-13 04:00:00+00:00,2025-06-26 04:00:00+00:00,99075.0,98246.0,ask,bid,0.010093363613424174,-8.36739843552864,-0.8367398435528641,13.0,time_limit,
UD.D.ZMUS.DAILY.IP,SUCCESS,2025-06-13 04:00:00+00:00,2025-06-26 04:00:00+00:00,7670.0,7692.0,ask,bid,0.1303780964797914,2.8683181225554106,0.28683181225554105,13.0,time_limit,
UD.D.XPUS.DAILY.IP,SUCCESS,2025-06-13 04:00:00+00:00,2025-06-26 04:00:00+00:00,1966.9,1932.1,ask,bid,0.5084142559357364,-17.69281610656372,-1.769281610656372,13.0,time_limit,
SE.D.NTRUS.DAILY.IP,SUCCESS,2025-06-13 04:00:00+00:00,2025-06-24 04:00:00+00:00,6294.0,5939.0,ask,bid,0.15888147442008263,-56.40292341912934,-5.640292341912934,11.0,stop_loss,
UA.D.CTREUS.DAILY.IP,SUCCESS,2025-06-13 04:00:00+00:00,2025-06-26 04:00:00+00:00,2884.0,3050.0,ask,bid,0.34674063800277394,57.55894590846047,5.755894590846047,13.0,time_limit,
UD.D.VYMIUS.DAILY.IP,SUCCESS,2025-06-13 04:00:00+00:00,2025-06-26 04:00:00+00:00,8003.0,7967.0,ask,bid,0.12495314257153567,-4.498313132575284,-0.44983131325752834,13.0,time_limit,
SA.D.AIG.DAILY.IP,SUCCESS,2025-06-13 04:00:00+00:00,2025-06-26 04:00:00+00:00,8465.0,8493.0,ask,bid,0.11813349084465447,3.307737743650325,0.33077377436503247,13.0,time_limit,
UB.D.LBPHUS.DAILY.IP,ERROR,,,,,,,,,,,,"""None of ['stick_datetime'] are in the columns"""
SA.D.BA.DAILY.IP,SUCCESS,2025-06-13 04:00:00+00:00,2025-06-26 04:00:00+00:00,20019.0,20221.0,ask,bid,0.04995254508217194,10.09041410659873,1.009041410659873,13.0,time_limit,
UA.D.APXTUS.DAILY.IP,SUCCESS,2025-06-13 04:00:00+00:00,2025-06-26 04:00:00+00:00,1862.8,1918.1,ask,bid,0.5368262830148164,29.686493450719322,2.968649345071932,13.0,time_limit,
UC.D.MQUS.DAILY.IP,SUCCESS,2025-06-13 04:00:00+00:00,2025-06-26 04:00:00+00:00,540.0,583.0,ask,bid,1.8518518518518519,79.62962962962963,7.962962962962964,13.0,take_profit,
SA.D.ATI.DAILY.IP,SUCCESS,2025-06-13 04:00:00+00:00,2025-06-26 04:00:00+00:00,8504.0,8563.0,ask,bid,0.11759172154280338,6.937911571025399,0.6937911571025399,13.0,time_limit,
SH.D.VGR.DAILY.IP,ERROR,,,,,,,,,,,,"""None of ['stick_datetime'] are in the columns"""
SH.D.VUS.DAILY.IP,SUCCESS,2025-06-13 04:00:00+00:00,2025-06-26 04:00:00+00:00,35414.0,34530.0,ask,bid,0.028237420229287852,-24.96187948269046,-2.496187948269046,13.0,time_limit,
SB.D.CALX.DAILY.IP,SUCCESS,2025-06-13 04:00:00+00:00,2025-06-26 04:00:00+00:00,4729.0,5002.0,ask,bid,0.2114611968703743,57.72890674561218,5.772890674561218,13.0,time_limit,
SG.D.SLFUS.DAILY.IP,SUCCESS,2025-06-13 04:00:00+00:00,2025-06-26 04:00:00+00:00,6432.0,6538.0,ask,bid,0.15547263681592038,16.480099502487562,1.6480099502487564,13.0,time_limit,
SI.D.EWH.DAILY.IP,SUCCESS,2025-06-13 04:00:00+00:00,2025-06-26 04:00:00+00:00,1979.0,1988.0,ask,bid,0.5053057099545225,4.547751389590703,0.4547751389590703,13.0,time_limit,
SI.D.USMVUS.DAILY.IP,SUCCESS,2025-06-13 04:00:00+00:00,2025-06-26 04:00:00+00:00,9310.0,9263.0,ask,bid,0.10741138560687433,-5.048335123523094,-0.5048335123523093,13.0,time_limit,
SA.D.AHUS.DAILY.IP,ERROR,,,,,,,,,,,,"""None of ['stick_datetime'] are in the columns"""
SI.D.EFGUS.DAILY.IP,SUCCESS,2025-06-13 04:00:00+00:00,2025-06-26 04:00:00+00:00,11047.0,11047.0,ask,bid,0.09052231375033946,0.0,0.0,13.0,time_limit,
SI.D.XLPUS.DAILY.IP,SUCCESS,2025-06-13 04:00:00+00:00,2025-06-26 04:00:00+00:00,8101.0,8012.0,ask,bid,0.12344155042587335,-10.986297987902727,-1.0986297987902727,13.0,time_limit,
AC.D.3188HK.DAILY.IP,SUCCESS,2025-06-15 16:00:00+00:00,2025-06-26 16:00:00+00:00,4403.0,4441.0,ask,bid,0.2271178741766977,8.630479218714513,0.8630479218714512,11.0,time_limit,
SE.D.PWSCUS.DAILY.IP,ERROR,,,,,,,,,,,,"""None of ['stick_datetime'] are in the columns"""
SE.D.NCZUS.DAILY.IP,SUCCESS,2025-06-13 04:00:00+00:00,2025-06-26 04:00:00+00:00,1220.8,1268.1,ask,bid,0.8191349934469201,38.74508519003928,3.8745085190039283,13.0,time_limit,
SI.D.EWQUS.DAILY.IP,SUCCESS,2025-06-13 04:00:00+00:00,2025-06-26 04:00:00+00:00,4292.0,4207.0,ask,bid,0.23299161230195714,-19.804287045666356,-1.9804287045666356,13.0,time_limit,
SH.D.ZUOUS.DAILY.IP,ERROR,,,,,,,,,,,,"""None of ['stick_datetime'] are in the columns"""
SE.D.PRMWUS.DAILY.IP,ERROR,,,,,,,,,,,,"""None of ['stick_datetime'] are in the columns"""
SI.D.CWIUS.DAILY.IP,SUCCESS,2025-06-13 04:00:00+00:00,2025-06-26 04:00:00+00:00,3196.0,3237.0,ask,bid,0.31289111389236546,12.828535669586984,1.2828535669586982,13.0,time_limit,
SG.D.RSG.DAILY.IP,SUCCESS,2025-06-13 04:00:00+00:00,2025-06-26 04:00:00+00:00,25127.0,24467.0,ask,bid,0.03979782703864369,-26.266565845504836,-2.6266565845504837,13.0,time_limit,
UC.D.NXTUS.DAILY.IP,SUCCESS,2025-06-13 04:00:00+00:00,2025-06-20 04:00:00+00:00,6075.0,5750.0,ask,bid,0.1646090534979424,-53.49794238683128,-5.349794238683128,7.0,stop_loss,
SI.D.IAUUS.DAILY.IP,SUCCESS,2025-06-13 04:00:00+00:00,2025-06-26 04:00:00+00:00,6477.0,6275.0,ask,bid,0.1543924656476764,-31.187278060830632,-3.118727806083063,13.0,time_limit,
SI.D.AVEMUS.DAILY.IP,SUCCESS,2025-06-13 04:00:00+00:00,2025-06-26 04:00:00+00:00,6723.0,6824.0,ask,bid,0.14874312063067083,15.023055183697753,1.5023055183697753,13.0,time_limit,
SG.D.TRVUS.DAILY.IP,SUCCESS,2025-06-13 04:00:00+00:00,2025-06-26 04:00:00+00:00,26354.0,26296.0,ask,bid,0.03794490399939288,-2.2008044319647873,-0.2200804431964787,13.0,time_limit,
UB.D.IXUSUS.DAILY.IP,SUCCESS,2025-06-13 04:00:00+00:00,2025-06-26 04:00:00+00:00,7667.0,7676.0,ask,bid,0.1304291117777488,1.173862005999739,0.1173862005999739,13.0,time_limit,
AC.D.2823HK.DAILY.IP,SUCCESS,2025-06-15 16:00:00+00:00,2025-06-26 16:00:00+00:00,1413.5,1422.4,ask,bid,0.7074637424831978,6.296427308100524,0.6296427308100525,11.0,time_limit,
SA.D.BAMUS.DAILY.IP,SUCCESS,2025-06-13 04:00:00+00:00,2025-06-26 04:00:00+00:00,5466.0,5508.0,ask,bid,0.18294914013904134,7.683863885839736,0.7683863885839737,13.0,time_limit,
SE.D.PMUS.DAILY.IP,SUCCESS,2025-06-13 04:00:00+00:00,2025-06-26 04:00:00+00:00,18436.0,18063.0,ask,bid,0.05424170101974398,-20.232154480364503,-2.0232154480364506,13.0,time_limit,
SG.D.SQSPUS.DAILY.IP,ERROR,,,,,,,,,,,,"""None of ['stick_datetime'] are in the columns"""
UB.D.INFN.DAILY.IP,ERROR,,,,,,,,,,,,"""None of ['stick_datetime'] are in the columns"""
SB.D.CHWYUS.DAILY.IP,SUCCESS,2025-06-13 04:00:00+00:00,2025-06-26 04:00:00+00:00,4170.0,4339.0,ask,bid,0.23980815347721823,40.52757793764988,4.052757793764989,13.0,time_limit,
